id,player,game_type,date,hall,machine,hours,invest,recovery,balance,memo
1772542892,Player 1,パチンコ,2024/3/1,,,6.3,2500.0,40029.0,37529.0,
1772542893,Player 1,パチンコ,2024/3/2,,,9.2,5000.0,17193.0,12193.0,
1772542894,Player 1,パチンコ,2024/3/4,,,6.5,0.0,4000.0,4000.0,
1772542895,Player 1,パチンコ,2024/3/5,,,7.5,0.0,0.0,0.0,
1772542896,Player 1,パチンコ,2024/3/23,,,9.5,0.0,40350.0,40350.0,
1772542897,Player 1,パチンコ,2024/3/26,,,0.0,6579.0,0.0,-6579.0,
1772542898,Player 1,パチンコ,2024/3/26,,,0.0,0.0,101200.0,101200.0,
1772542899,Player 1,パチンコ,2024/3/28,,,0.0,0.0,35700.0,35700.0,
1772542900,Player 1,パチンコ,2025/8/2,,,11.0,387.0,0.0,-387.0,
1772542901,Player 1,パチンコ,2025/8/3,,,11.6,58276.0,0.0,-58276.0,
1772542902,Player 1,パチンコ,2025/8/4,,,11.9,0.0,62897.0,62897.0,
1772542903,Player 1,パチンコ,2025/8/5,,,12.4,23877.0,0.0,-23877.0,
1772542904,Player 1,パチンコ,2025/8/6,,,11.7,29687.0,0.0,-29687.0,
1772542905,Player 1,パチンコ,2025/8/9,,,18.0,0.0,313999.0,313999.0,
1772542906,Player 1,パチンコ,2025/8/10,,,11.3,0.0,45573.0,45573.0,
1772542907,Player 1,パチンコ,2025/8/11,,,16.0,0.0,46035.0,46035.0,
1772542908,Player 1,パチンコ,2025/8/12,,,12.0,0.0,64743.0,64743.0,
1772542909,Player 1,パチンコ,2025/8/13,,,13.0,11818.0,0.0,-11818.0,
1772542910,Player 1,パチンコ,2025/8/14,,,12.7,7972.0,0.0,-7972.0,
1772542911,Player 1,パチンコ,2025/8/15,,,7.3,0.0,4328.0,4328.0,
1772542912,Player 1,パチンコ,2025/8/16,,,12.5,78588.0,0.0,-78588.0,
1772542913,Player 1,パチンコ,2025/8/17,,,11.2,0.0,114743.0,114743.0,
1772542914,Player 1,パチンコ,2025/8/19,,,11.8,31785.0,0.0,-31785.0,
1772542915,Player 1,パチンコ,2025/8/20,,,10.6,0.0,63612.0,63612.0,
1772542916,Player 1,パチンコ,2025/8/21,,,8.2,31833.0,0.0,-31833.0,
1772542917,Player 1,パチンコ,2025/8/23,,,13.0,15683.0,0.0,-15683.0,
1772542918,Player 1,パチンコ,2025/8/24,,,11.2,63217.0,0.0,-63217.0,
1772542919,Player 1,パチンコ,2025/8/25,,,9.1,96852.0,0.0,-96852.0,
1772542920,Player 1,パチンコ,2025/8/27,,,11.9,0.0,74446.0,74446.0,
1772542921,Player 1,パチンコ,2025/8/28,,,12.2,0.0,156996.0,156996.0,
1772542922,Player 1,パチンコ,2025/8/29,,,9.2,0.0,107557.0,107557.0,
1772542923,Player 1,パチンコ,2025/8/30,,,11.8,0.0,10292.0,10292.0,
1772542924,Player 1,パチンコ,2025/8/31,,,12.4,16857.0,0.0,-16857.0,
1772542925,Player 1,パチンコ,2025/9/1,,,11.7,47565.0,0.0,-47565.0,
1772542926,Player 1,パチンコ,2025/9/3,,,8.3,20861.0,0.0,-20861.0,
1772542927,Player 1,パチンコ,2025/9/4,,,11.0,0.0,72351.0,72351.0,
1772542928,Player 1,パチンコ,2025/9/5,,,11.7,0.0,33146.0,33146.0,
1772542929,Player 1,パチンコ,2025/9/6,,,11.5,77707.0,0.0,-77707.0,
1772542930,Player 1,パチンコ,2025/9/7,,,11.6,0.0,2470.0,2470.0,
1772542931,Player 1,パチンコ,2025/9/8,,,11.0,0.0,37391.0,37391.0,
1772542932,Player 1,パチンコ,2025/9/11,,,9.0,67790.0,0.0,-67790.0,
1772542933,Player 1,パチンコ,2025/9/12,,,8.9,0.0,100628.0,100628.0,
1772542934,Player 1,パチンコ,2025/9/13,,,10.6,74545.0,0.0,-74545.0,
1772542935,Player 1,パチンコ,2025/9/14,,,7.5,0.0,11470.0,11470.0,
1772542936,Player 1,パチンコ,2025/9/15,,,11.2,23627.0,0.0,-23627.0,
1772542937,Player 1,パチンコ,2025/9/16,,,9.8,51411.0,0.0,-51411.0,
1772542938,Player 1,パチンコ,2025/9/17,,,10.6,0.0,36235.0,36235.0,
1772542939,Player 1,パチンコ,2025/9/18,,,9.2,0.0,31666.0,31666.0,
1772542940,Player 1,パチンコ,2025/9/19,,,10.3,0.0,130372.0,130372.0,
1772542941,Player 1,パチンコ,2025/9/20,,,8.7,31352.0,0.0,-31352.0,
1772542942,Player 1,パチンコ,2025/9/21,,,8.8,5588.0,0.0,-5588.0,
1772542943,Player 1,パチンコ,2025/9/22,,,11.8,11000.0,0.0,-11000.0,
1772542944,Player 1,パチンコ,2025/9/23,,,11.9,41980.0,0.0,-41980.0,
1772542945,Player 1,パチンコ,2025/9/25,,,13.7,0.0,101647.0,101647.0,
1772542946,Player 1,パチンコ,2025/9/26,,,12.0,0.0,198529.0,198529.0,
1772542947,Player 1,パチンコ,2025/9/27,,,11.5,0.0,5470.0,5470.0,
1772542948,Player 1,パチンコ,2025/9/28,,,12.9,93588.0,0.0,-93588.0,
1772542949,Player 1,パチンコ,2025/9/29,,,11.5,0.0,1392.0,1392.0,
1772542950,Player 1,パチンコ,2025/10/1,,,11.3,0.0,134019.0,134019.0,
1772542951,Player 1,パチンコ,2025/10/2,,,12.2,31941.0,0.0,-31941.0,
1772542952,Player 1,パチンコ,2025/10/3,,,11.4,54893.0,0.0,-54893.0,
1772542953,Player 1,パチンコ,2025/10/4,,,12.1,73882.0,0.0,-73882.0,
1772542954,Player 1,パチンコ,2025/10/5,,,0.0,39823.0,0.0,-39823.0,
1772542955,Player 1,パチンコ,2025/10/6,,,0.0,44725.0,0.0,-44725.0,
1772542956,Player 1,パチンコ,2025/10/8,,,11.7,0.0,149941.0,149941.0,
1772542957,Player 1,パチンコ,2025/10/9,,,10.3,0.0,1568.0,1568.0,
1772542958,Player 1,パチンコ,2025/10/10,,,11.4,0.0,255764.0,255764.0,
1772542959,Player 1,パチンコ,2025/10/11,,,11.3,31450.0,0.0,-31450.0,
1772542960,Player 1,パチンコ,2025/10/12,,,13.1,0.0,8294.0,8294.0,
1772542961,Player 1,パチンコ,2025/10/13,,,12.3,0.0,36029.0,36029.0,
1772542962,Player 1,パチンコ,2025/10/15,,,9.3,15058.0,0.0,-15058.0,
1772542963,Player 1,パチンコ,2025/10/16,,,13.6,0.0,49529.0,49529.0,
1772542964,Player 1,パチンコ,2025/10/17,,,10.4,0.0,54862.0,54862.0,
1772542965,Player 1,パチンコ,2025/10/18,,,10.9,0.0,64647.0,64647.0,
1772542966,Player 1,パチンコ,2025/10/19,,,10.9,74294.0,0.0,-74294.0,
1772542967,Player 1,パチンコ,2025/10/20,,,0.0,12294.0,0.0,-12294.0,
1772542968,Player 1,パチンコ,2025/10/22,,,10.4,57313.0,0.0,-57313.0,
1772542969,Player 1,パチンコ,2025/10/23,,,12.2,0.0,74705.0,74705.0,
1772542970,Player 1,パチンコ,2025/10/24,,,9.7,0.0,33529.0,33529.0,
1772542971,Player 1,パチンコ,2025/10/25,,,12.2,0.0,177000.0,177000.0,
1772542972,Player 1,パチンコ,2025/10/26,,,10.9,40627.0,0.0,-40627.0,
1772542973,Player 1,パチンコ,2025/10/27,,,12.3,0.0,70784.0,70784.0,
1772542974,Player 1,パチンコ,2025/10/29,,,9.9,0.0,3196.0,3196.0,
1772542975,Player 1,パチンコ,2025/10/30,,,11.6,25313.0,0.0,-25313.0,
1772542976,Player 1,パチンコ,2025/10/31,,,10.9,0.0,100700.0,100700.0,
1772542977,Player 1,パチンコ,2025/11/1,,,12.7,0.0,108098.0,108098.0,
1772542978,Player 1,パチンコ,2025/11/2,,,12.3,0.0,126901.0,126901.0,
1772542979,Player 1,パチンコ,2025/11/3,,,10.2,3607.0,0.0,-3607.0,
1772542980,Player 1,パチンコ,2025/11/6,,,5.9,22862.0,0.0,-22862.0,
1772542981,Player 1,パチンコ,2025/11/7,,,11.5,0.0,15085.0,15085.0,
1772542982,Player 1,パチンコ,2025/11/8,,,10.9,92235.0,0.0,-92235.0,
1772542983,Player 1,パチンコ,2025/11/9,,,11.1,0.0,7333.0,7333.0,
1772542984,Player 1,パチンコ,2025/11/10,,,11.3,0.0,158509.0,158509.0,
1772542985,Player 1,パチンコ,2025/11/13,,,9.4,0.0,30745.0,30745.0,
1772542986,Player 1,パチンコ,2025/11/14,,,6.9,0.0,11313.0,11313.0,
1772542987,Player 1,パチンコ,2025/11/15,,,8.6,43823.0,0.0,-43823.0,
1772542988,Player 1,パチンコ,2025/11/16,,,11.2,0.0,18058.0,18058.0,
1772542989,Player 1,パチンコ,2025/11/18,,,11.8,0.0,9352.0,9352.0,
1772542990,Player 1,パチンコ,2025/11/19,,,10.9,119490.0,0.0,-119490.0,
1772542991,Player 1,パチンコ,2025/11/20,,,10.6,0.0,6058.0,6058.0,
1772542992,Player 1,パチンコ,2025/11/21,,,7.7,10744.0,0.0,-10744.0,
1772542993,Player 1,パチンコ,2025/11/22,,,10.7,0.0,79294.0,79294.0,
1772542994,Player 1,パチンコ,2025/11/23,,,10.7,102244.0,0.0,-102244.0,
1772542995,Player 1,パチンコ,2025/11/24,,,10.7,0.0,79238.0,79238.0,
1772542996,Player 1,パチンコ,2025/11/26,,,3.0,0.0,25000.0,25000.0,
1772542997,Player 1,パチンコ,2025/11/27,,,10.0,35960.0,0.0,-35960.0,
1772542998,Player 1,パチンコ,2025/11/28,,,11.2,31086.0,0.0,-31086.0,
1772542999,Player 1,パチンコ,2025/11/29,,,9.6,67901.0,0.0,-67901.0,
1772543000,Player 1,パチンコ,2025/11/29,,,1.0,3333.0,0.0,-3333.0,
1772543001,Player 1,パチンコ,2025/11/30,,,12.2,0.0,98568.0,98568.0,
1772543002,Player 1,パチンコ,2025/12/3,,,11.5,0.0,26000.0,26000.0,
1772543003,Player 1,パチンコ,2025/12/4,,,9.4,0.0,115254.0,115254.0,
1772543004,Player 1,パチンコ,2025/12/5,,,11.7,0.0,52928.0,52928.0,
1772543005,Player 1,パチンコ,2025/12/6,,,10.9,77211.0,0.0,-77211.0,
1772543006,Player 1,パチンコ,2025/12/7,,,10.4,0.0,58490.0,58490.0,
1772543007,Player 1,パチンコ,2025/12/8,,,11.0,0.0,213098.0,213098.0,
1772543008,Player 1,パチンコ,2025/12/10,,,11.7,1078.0,0.0,-1078.0,
1772543009,Player 1,パチンコ,2025/12/11,,,10.1,7745.0,0.0,-7745.0,
1772543010,Player 1,パチンコ,2025/12/12,,,11.5,0.0,238901.0,238901.0,
1772543011,Player 1,パチンコ,2025/12/13,,,10.4,0.0,8843.0,8843.0,
1772543012,Player 1,パチンコ,2025/12/13,,,0.0,0.0,2928.0,2928.0,
1772543013,Player 1,パチンコ,2025/12/14,,,10.4,60901.0,0.0,-60901.0,
1772543014,Player 1,パチンコ,2025/12/15,,,9.9,0.0,177745.0,177745.0,
1772543015,Player 1,パチンコ,2025/12/17,,,10.4,39882.0,0.0,-39882.0,
1772543016,Player 1,パチンコ,2025/12/18,,,10.8,50843.0,0.0,-50843.0,
1772543017,Player 1,パチンコ,2025/12/19,,,10.4,0.0,58000.0,58000.0,
1772543018,Player 1,パチンコ,2025/12/22,,,9.9,1132.0,0.0,-1132.0,
1772543019,Player 1,パチンコ,2025/12/26,,,6.1,37392.0,0.0,-37392.0,
1772543020,Player 1,パチンコ,2025/12/27,,,8.2,0.0,3251.0,3251.0,
1772543021,Player 1,パチンコ,2025/12/28,,,9.2,42531.0,0.0,-42531.0,
1772543022,Player 1,パチンコ,2025/12/30,,,10.8,0.0,141453.0,141453.0,
1772543023,Player 1,パチンコ,2025/12/31,,,9.1,0.0,76008.0,76008.0,
1772543024,Player 1,パチンコ,2026/1/2,,,7.3,24367.0,0.0,-24367.0,
1772543025,Player 1,パチンコ,2026/1/3,,,8.8,0.0,210068.0,210068.0,
1772543026,Player 1,パチンコ,2026/1/4,,,7.0,0.0,14000.0,14000.0,
1772543027,Player 1,パチンコ,2026/1/5,,,11.0,2100.0,0.0,-2100.0,
1772543028,Player 1,パチンコ,2026/1/6,,,9.9,0.0,47940.0,47940.0,
1772543029,Player 1,パチンコ,2026/1/8,,,6.2,0.0,37495.0,37495.0,
1772543030,Player 1,パチンコ,2026/1/9,,,7.0,49300.0,0.0,-49300.0,
1772543031,Player 1,パチンコ,2026/1/10,,,8.9,19750.0,0.0,-19750.0,
1772543032,Player 1,パチンコ,2026/1/11,,,8.4,0.0,74660.0,74660.0,
1772543033,Player 1,パチンコ,2026/1/12,,,9.7,317600.0,341400.0,23800.0,
1772543034,Player 1,パチンコ,2026/1/14,,,8.6,341400.0,449140.0,107740.0,
1772543035,Player 1,パチンコ,2026/1/15,,,11.2,29120.0,0.0,-29120.0,
1772543036,Player 1,パチンコ,2026/1/16,,,10.1,70200.0,0.0,-70200.0,
1772543037,Player 1,パチンコ,2026/1/19,,,11.8,0.0,9000.0,9000.0,
1772543038,Player 1,パチンコ,2026/1/20,,,11.7,18666.0,0.0,-18666.0,
1772543039,Player 1,パチンコ,2026/1/21,,,4.9,0.0,86181.0,86181.0,
1772543040,Player 1,パチンコ,2026/1/22,,,11.7,0.0,196310.0,196310.0,
1772543041,Player 1,パチンコ,2026/1/23,,,10.4,26622.0,0.0,-26622.0,
1772543042,Player 1,パチンコ,2026/1/24,,,4.1,18639.0,0.0,-18639.0,
1772543043,Player 1,パチンコ,2026/1/24,,,0.0,4000.0,0.0,-4000.0,
1772543044,Player 1,パチンコ,2026/1/26,,,2.0,0.0,21270.0,21270.0,
1772543045,Player 1,パチンコ,2026/1/27,,,8.7,0.0,61861.0,61861.0,
1772543046,Player 1,パチンコ,2026/1/28,,,9.7,0.0,14723.0,14723.0,
1772543047,Player 1,パチンコ,2026/1/29,,,9.9,0.0,44941.0,44941.0,
1772543048,Player 1,パチンコ,2026/1/30,,,9.8,0.0,109225.0,109225.0,
1772543049,Player 1,パチンコ,2026/1/31,,,10.6,52000.0,0.0,-52000.0,
1772543050,Player 1,パチンコ,2026/2/1,,,10.8,0.0,51246.0,51246.0,
1772543051,Player 1,パチンコ,2026/2/2,,,10.1,122087.0,0.0,-122087.0,
1772543052,Player 1,パチンコ,2026/2/3,,,11.2,56142.0,0.0,-56142.0,
1772543053,Player 1,パチンコ,2026/2/4,,,13.5,0.0,294249.0,294249.0,
1772543054,Player 1,パチンコ,2026/2/5,,,10.2,0.0,15752.0,15752.0,
1772543055,Player 1,パチンコ,2026/2/6,,,9.0,21044.0,0.0,-21044.0,
1772543056,Player 1,パチンコ,2026/2/7,,,9.8,0.0,40084.0,40084.0,
1772543057,Player 1,パチンコ,2026/2/8,,,9.0,10440.0,0.0,-10440.0,
1772543058,Player 1,パチンコ,2026/2/9,,,6.3,0.0,161996.0,161996.0,
1772543059,Player 1,パチンコ,2026/2/10,,,9.6,0.0,137910.0,137910.0,
1772543060,Player 1,パチンコ,2026/2/11,,,10.0,0.0,96514.0,96514.0,
1772543061,Player 1,パチンコ,2026/2/13,,,8.9,0.0,30112.0,30112.0,
1772543062,Player 1,パチンコ,2026/2/14,,,1.9,0.0,2861.0,2861.0,
1772543063,Player 1,パチンコ,2026/2/15,,,9.0,0.0,77209.0,77209.0,
1772543064,Player 1,パチンコ,2026/2/16,,,10.6,0.0,39042.0,39042.0,
1772543065,Player 1,パチンコ,2026/2/17,,,6.5,44790.0,0.0,-44790.0,
1772543066,Player 1,パチンコ,2026/2/18,,,8.7,41529.0,0.0,-41529.0,
1772543067,Player 1,パチンコ,2026/2/19,,,11.1,0.0,38173.0,38173.0,
1772543068,Player 1,パチンコ,2026/2/21,,,5.5,7233.0,0.0,-7233.0,
1772543069,Player 1,パチンコ,2026/2/22,,,10.3,0.0,83567.0,83567.0,
1772543070,Player 1,パチンコ,2026/2/24,,,6.8,0.0,62998.0,62998.0,
1772543071,Player 1,パチンコ,2026/2/25,,,10.2,15972.0,0.0,-15972.0,
1772543072,Player 1,パチンコ,2026/2/26,,,9.4,20570.0,0.0,-20570.0,
1772543073,Player 1,パチンコ,2026/2/27,,,10.2,0.0,187687.0,187687.0,
1772543074,Player 1,パチンコ,2026/2/28,,,10.8,53181.0,0.0,-53181.0,
1772543075,Player 1,パチンコ,2026/3/1,,,9.9,0.0,72272.0,72272.0,
1772543076,Player 1,パチンコ,2026/3/2,,,10.9,0.0,28800.0,28800.0,
1772543077,Player 1,,,,,0.0,0.0,0.0,0.0,
1772543078,Player 1,,,,,0.0,0.0,0.0,0.0,
1772543079,Player 1,,,,,0.0,0.0,0.0,0.0,
1772543080,Player 1,,,,,0.0,0.0,0.0,0.0,
1772543081,Player 1,,,,,0.0,0.0,0.0,0.0,
1772543082,Player 1,,,,,0.0,0.0,0.0,0.0,
1772543083,Player 1,,,,,0.0,0.0,0.0,0.0,
1772543084,Player 1,,,,,0.0,0.0,0.0,0.0,
1772543085,Player 1,,,,,0.0,0.0,0.0,0.0,
1772543086,Player 1,,,,,0.0,0.0,0.0,0.0,
1772543087,Player 1,,,,,0.0,0.0,0.0,0.0,
1772543088,Player 1,,,,,0.0,0.0,0.0,0.0,
1772543089,Player 1,,,,,0.0,0.0,0.0,0.0,
1772543090,Player 1,,,,,0.0,0.0,0.0,0.0,
1772543091,Player 1,,,,,0.0,0.0,0.0,0.0,
1772543092,Player 1,,,,,0.0,0.0,0.0,0.0,
1772543093,Player 1,,,,,0.0,0.0,0.0,0.0,
1772543094,Player 1,,,,,0.0,0.0,0.0,0.0,
1772543095,Player 1,,,,,0.0,0.0,0.0,0.0,
1772543096,Player 1,,,,,0.0,0.0,0.0,0.0,
1772543097,Player 1,,,,,0.0,0.0,0.0,0.0,
1772543098,Player 1,,,,,0.0,0.0,0.0,0.0,
1772543099,Player 1,,,,,0.0,0.0,0.0,0.0,
1772543100,Player 1,,,,,0.0,0.0,0.0,0.0,
1772543101,Player 1,,,,,0.0,0.0,0.0,0.0,
1772543102,Player 1,,,,,0.0,0.0,0.0,0.0,
1772543103,Player 1,,,,,0.0,0.0,0.0,0.0,
1772543104,Player 1,,,,,0.0,0.0,0.0,0.0,
1772543105,Player 1,,,,,0.0,0.0,0.0,0.0,
1772543106,Player 1,,,,,0.0,0.0,0.0,0.0,
1772543107,Player 1,,,,,0.0,0.0,0.0,0.0,
1772543108,Player 1,,,,,0.0,0.0,0.0,0.0,
1772543109,Player 1,,,,,0.0,0.0,0.0,0.0,
1772543110,Player 1,,,,,0.0,0.0,0.0,0.0,
1772543111,Player 1,,,,,0.0,0.0,0.0,0.0,
1772543112,Player 1,,,,,0.0,0.0,0.0,0.0,
1772543113,Player 1,,,,,0.0,0.0,0.0,0.0,
1772543114,Player 1,,,,,0.0,0.0,0.0,0.0,
1772543115,Player 1,,,,,0.0,0.0,0.0,0.0,
1772543116,Player 1,,,,,0.0,0.0,0.0,0.0,
1772543117,Player 1,,,,,0.0,0.0,0.0,0.0,
1772543118,Player 1,,,,,0.0,0.0,0.0,0.0,
1772543119,Player 1,,,,,0.0,0.0,0.0,0.0,
1772543120,Player 1,,,,,0.0,0.0,0.0,0.0,
1772543121,Player 1,,,,,0.0,0.0,0.0,0.0,
1772543122,Player 1,,,,,0.0,0.0,0.0,0.0,
1772543123,Player 1,,,,,0.0,0.0,0.0,0.0,
1772543124,Player 1,,,,,0.0,0.0,0.0,0.0,
1772543125,Player 1,,,,,0.0,0.0,0.0,0.0,
1772543126,Player 1,,,,,0.0,0.0,0.0,0.0,
1772543127,Player 1,,,,,0.0,0.0,0.0,0.0,
1772543128,Player 1,,,,,0.0,0.0,0.0,0.0,
1772543129,Player 1,,,,,0.0,0.0,0.0,0.0,
1772543130,Player 1,,,,,0.0,0.0,0.0,0.0,
1772543131,Player 1,,,,,0.0,0.0,0.0,0.0,
1772543132,Player 1,,,,,0.0,0.0,0.0,0.0,
1772543133,Player 1,,,,,0.0,0.0,0.0,0.0,
1772543134,Player 1,,,,,0.0,0.0,0.0,0.0,
1772543135,Player 1,,,,,0.0,0.0,0.0,0.0,
1772543136,Player 1,,,,,0.0,0.0,0.0,0.0,
1772543137,Player 1,,,,,0.0,0.0,0.0,0.0,
1772543138,Player 1,,,,,0.0,0.0,0.0,0.0,
1772543139,Player 1,,,,,0.0,0.0,0.0,0.0,
1772543140,Player 1,,,,,0.0,0.0,0.0,0.0,
1772543141,Player 1,,,,,0.0,0.0,0.0,0.0,
1772543142,Player 1,,,,,0.0,0.0,0.0,0.0,
1772543143,Player 1,,,,,0.0,0.0,0.0,0.0,
1772543144,Player 1,,,,,0.0,0.0,0.0,0.0,
1772543145,Player 1,,,,,0.0,0.0,0.0,0.0,
1772543146,Player 1,,,,,0.0,0.0,0.0,0.0,
1772543147,Player 1,,,,,0.0,0.0,0.0,0.0,
1772543148,Player 1,,,,,0.0,0.0,0.0,0.0,
1772543149,Player 1,,,,,0.0,0.0,0.0,0.0,
1772543150,Player 1,,,,,0.0,0.0,0.0,0.0,
1772543151,Player 1,,,,,0.0,0.0,0.0,0.0,
1772543152,Player 1,,,,,0.0,0.0,0.0,0.0,
1772543153,Player 1,,,,,0.0,0.0,0.0,0.0,
1772543154,Player 1,,,,,0.0,0.0,0.0,0.0,
1772543155,Player 1,,,,,0.0,0.0,0.0,0.0,
1772543156,Player 1,,,,,0.0,0.0,0.0,0.0,
1772543157,Player 1,,,,,0.0,0.0,0.0,0.0,
1772543158,Player 1,,,,,0.0,0.0,0.0,0.0,
1772543159,Player 1,,,,,0.0,0.0,0.0,0.0,
1772543160,Player 1,,,,,0.0,0.0,0.0,0.0,
1772543161,Player 1,,,,,0.0,0.0,0.0,0.0,
1772543162,Player 1,,,,,0.0,0.0,0.0,0.0,
1772543163,Player 1,,,,,0.0,0.0,0.0,0.0,
1772543164,Player 1,,,,,0.0,0.0,0.0,0.0,
1772543165,Player 1,,,,,0.0,0.0,0.0,0.0,
1772543166,Player 1,,,,,0.0,0.0,0.0,0.0,
1772543167,Player 1,,,,,0.0,0.0,0.0,0.0,
1772543168,Player 1,,,,,0.0,0.0,0.0,0.0,
1772543169,Player 1,,,,,0.0,0.0,0.0,0.0,
1772543170,Player 1,,,,,0.0,0.0,0.0,0.0,
1772543171,Player 1,,,,,0.0,0.0,0.0,0.0,
1772543172,Player 1,,,,,0.0,0.0,0.0,0.0,
1772543173,Player 1,,,,,0.0,0.0,0.0,0.0,
1772543174,Player 1,,,,,0.0,0.0,0.0,0.0,
1772543175,Player 1,,,,,0.0,0.0,0.0,0.0,
1772543176,Player 1,,,,,0.0,0.0,0.0,0.0,
1772543177,Player 1,,,,,0.0,0.0,0.0,0.0,
1772543178,Player 1,,,,,0.0,0.0,0.0,0.0,
1772543179,Player 1,,,,,0.0,0.0,0.0,0.0,
1772543180,Player 1,,,,,0.0,0.0,0.0,0.0,
1772543181,Player 1,,,,,0.0,0.0,0.0,0.0,
1772543182,Player 1,,,,,0.0,0.0,0.0,0.0,
1772543183,Player 1,,,,,0.0,0.0,0.0,0.0,
1772543184,Player 1,,,,,0.0,0.0,0.0,0.0,
1772543185,Player 1,,,,,0.0,0.0,0.0,0.0,
1772543186,Player 1,,,,,0.0,0.0,0.0,0.0,
1772543187,Player 1,,,,,0.0,0.0,0.0,0.0,
1772543188,Player 1,,,,,0.0,0.0,0.0,0.0,
1772543189,Player 1,,,,,0.0,0.0,0.0,0.0,
1772543190,Player 1,,,,,0.0,0.0,0.0,0.0,
1772543191,Player 1,,,,,0.0,0.0,0.0,0.0,
1772543192,Player 1,,,,,0.0,0.0,0.0,0.0,
1772543193,Player 1,,,,,0.0,0.0,0.0,0.0,
1772543194,Player 1,,,,,0.0,0.0,0.0,0.0,
1772543195,Player 1,,,,,0.0,0.0,0.0,0.0,
1772543196,Player 1,,,,,0.0,0.0,0.0,0.0,
1772543197,Player 1,,,,,0.0,0.0,0.0,0.0,
1772543198,Player 1,,,,,0.0,0.0,0.0,0.0,
1772543199,Player 1,,,,,0.0,0.0,0.0,0.0,
1772543200,Player 1,,,,,0.0,0.0,0.0,0.0,
1772543201,Player 1,,,,,0.0,0.0,0.0,0.0,
1772543202,Player 1,,,,,0.0,0.0,0.0,0.0,
1772543203,Player 1,,,,,0.0,0.0,0.0,0.0,
1772543204,Player 1,,,,,0.0,0.0,0.0,0.0,
1772543205,Player 1,,,,,0.0,0.0,0.0,0.0,
1772543206,Player 1,,,,,0.0,0.0,0.0,0.0,
1772543207,Player 1,,,,,0.0,0.0,0.0,0.0,
1772543208,Player 1,,,,,0.0,0.0,0.0,0.0,
1772543209,Player 1,,,,,0.0,0.0,0.0,0.0,
1772543210,Player 1,,,,,0.0,0.0,0.0,0.0,
1772543211,Player 1,,,,,0.0,0.0,0.0,0.0,
1772543212,Player 1,,,,,0.0,0.0,0.0,0.0,
1772543213,Player 1,,,,,0.0,0.0,0.0,0.0,
1772543214,Player 1,,,,,0.0,0.0,0.0,0.0,
1772543215,Player 1,,,,,0.0,0.0,0.0,0.0,
1772543216,Player 1,,,,,0.0,0.0,0.0,0.0,
1772543217,Player 1,,,,,0.0,0.0,0.0,0.0,
1772543218,Player 1,,,,,0.0,0.0,0.0,0.0,
1772543219,Player 1,,,,,0.0,0.0,0.0,0.0,
1772543220,Player 1,,,,,0.0,0.0,0.0,0.0,
1772543221,Player 1,,,,,0.0,0.0,0.0,0.0,
1772543222,Player 1,,,,,0.0,0.0,0.0,0.0,
1772543223,Player 1,,,,,0.0,0.0,0.0,0.0,
1772543224,Player 1,,,,,0.0,0.0,0.0,0.0,
1772543225,Player 1,,,,,0.0,0.0,0.0,0.0,
1772543226,Player 1,,,,,0.0,0.0,0.0,0.0,
1772543227,Player 1,,,,,0.0,0.0,0.0,0.0,
1772543228,Player 1,,,,,0.0,0.0,0.0,0.0,
1772543229,Player 1,,,,,0.0,0.0,0.0,0.0,
1772543230,Player 1,,,,,0.0,0.0,0.0,0.0,
1772543231,Player 1,,,,,0.0,0.0,0.0,0.0,
1772543232,Player 1,,,,,0.0,0.0,0.0,0.0,
1772543233,Player 1,,,,,0.0,0.0,0.0,0.0,
1772543234,Player 1,,,,,0.0,0.0,0.0,0.0,
1772543235,Player 1,,,,,0.0,0.0,0.0,0.0,
1772543236,Player 1,,,,,0.0,0.0,0.0,0.0,
1772543237,Player 1,,,,,0.0,0.0,0.0,0.0,
1772543238,Player 1,,,,,0.0,0.0,0.0,0.0,
1772543239,Player 1,,,,,0.0,0.0,0.0,0.0,
1772543240,Player 1,,,,,0.0,0.0,0.0,0.0,
1772543241,Player 1,,,,,0.0,0.0,0.0,0.0,
1772543242,Player 1,,,,,0.0,0.0,0.0,0.0,
1772543243,Player 1,,,,,0.0,0.0,0.0,0.0,
1772543244,Player 1,,,,,0.0,0.0,0.0,0.0,
1772543245,Player 1,,,,,0.0,0.0,0.0,0.0,
1772543246,Player 1,,,,,0.0,0.0,0.0,0.0,
1772543247,Player 1,,,,,0.0,0.0,0.0,0.0,
1772543248,Player 1,,,,,0.0,0.0,0.0,0.0,
1772543249,Player 1,,,,,0.0,0.0,0.0,0.0,
1772543250,Player 1,,,,,0.0,0.0,0.0,0.0,
1772543251,Player 1,,,,,0.0,0.0,0.0,0.0,
1772543252,Player 1,,,,,0.0,0.0,0.0,0.0,
1772543253,Player 1,,,,,0.0,0.0,0.0,0.0,
1772543254,Player 1,,,,,0.0,0.0,0.0,0.0,
1772543255,Player 1,,,,,0.0,0.0,0.0,0.0,
1772543256,Player 1,,,,,0.0,0.0,0.0,0.0,
1772543257,Player 1,,,,,0.0,0.0,0.0,0.0,
1772543258,Player 1,,,,,0.0,0.0,0.0,0.0,
1772543259,Player 1,,,,,0.0,0.0,0.0,0.0,
1772543260,Player 1,,,,,0.0,0.0,0.0,0.0,
1772543261,Player 1,,,,,0.0,0.0,0.0,0.0,
1772543262,Player 1,,,,,0.0,0.0,0.0,0.0,
1772543263,Player 1,,,,,0.0,0.0,0.0,0.0,
1772543264,Player 1,,,,,0.0,0.0,0.0,0.0,
1772543265,Player 1,,,,,0.0,0.0,0.0,0.0,
1772543266,Player 1,,,,,0.0,0.0,0.0,0.0,
1772543267,Player 1,,,,,0.0,0.0,0.0,0.0,
1772543268,Player 1,,,,,0.0,0.0,0.0,0.0,
1772543269,Player 1,,,,,0.0,0.0,0.0,0.0,
1772543270,Player 1,,,,,0.0,0.0,0.0,0.0,
1772543271,Player 1,,,,,0.0,0.0,0.0,0.0,
1772543272,Player 1,,,,,0.0,0.0,0.0,0.0,
1772543273,Player 1,,,,,0.0,0.0,0.0,0.0,
1772543274,Player 1,,,,,0.0,0.0,0.0,0.0,
1772543275,Player 1,,,,,0.0,0.0,0.0,0.0,
1772543276,Player 1,,,,,0.0,0.0,0.0,0.0,
1772543277,Player 1,,,,,0.0,0.0,0.0,0.0,
1772543278,Player 1,,,,,0.0,0.0,0.0,0.0,
1772543279,Player 1,,,,,0.0,0.0,0.0,0.0,
1772543280,Player 1,,,,,0.0,0.0,0.0,0.0,
1772543281,Player 1,,,,,0.0,0.0,0.0,0.0,
1772543282,Player 1,,,,,0.0,0.0,0.0,0.0,
1772543283,Player 1,,,,,0.0,0.0,0.0,0.0,
1772543284,Player 1,,,,,0.0,0.0,0.0,0.0,
1772543285,Player 1,,,,,0.0,0.0,0.0,0.0,
1772543286,Player 1,,,,,0.0,0.0,0.0,0.0,
1772543287,Player 1,,,,,0.0,0.0,0.0,0.0,
1772543288,Player 1,,,,,0.0,0.0,0.0,0.0,
1772543289,Player 1,,,,,0.0,0.0,0.0,0.0,
1772543290,Player 1,,,,,0.0,0.0,0.0,0.0,
1772543291,Player 1,,,,,0.0,0.0,0.0,0.0,
1772543292,Player 1,,,,,0.0,0.0,0.0,0.0,
1772543293,Player 1,,,,,0.0,0.0,0.0,0.0,
1772543294,Player 1,,,,,0.0,0.0,0.0,0.0,
1772543295,Player 1,,,,,0.0,0.0,0.0,0.0,
1772543296,Player 1,,,,,0.0,0.0,0.0,0.0,
1772543297,Player 1,,,,,0.0,0.0,0.0,0.0,
1772543298,Player 1,,,,,0.0,0.0,0.0,0.0,
1772543299,Player 1,,,,,0.0,0.0,0.0,0.0,
1772543300,Player 1,,,,,0.0,0.0,0.0,0.0,
1772543301,Player 1,,,,,0.0,0.0,0.0,0.0,
1772543302,Player 1,,,,,0.0,0.0,0.0,0.0,
1772543303,Player 1,,,,,0.0,0.0,0.0,0.0,
1772543304,Player 1,,,,,0.0,0.0,0.0,0.0,
1772543305,Player 1,,,,,0.0,0.0,0.0,0.0,
1772543306,Player 1,,,,,0.0,0.0,0.0,0.0,
1772543307,Player 1,,,,,0.0,0.0,0.0,0.0,
1772543308,Player 1,,,,,0.0,0.0,0.0,0.0,
1772543309,Player 1,,,,,0.0,0.0,0.0,0.0,
1772543310,Player 1,,,,,0.0,0.0,0.0,0.0,
1772543311,Player 1,,,,,0.0,0.0,0.0,0.0,
1772543312,Player 1,,,,,0.0,0.0,0.0,0.0,
1772543313,Player 1,,,,,0.0,0.0,0.0,0.0,
1772543314,Player 1,,,,,0.0,0.0,0.0,0.0,
1772543315,Player 1,,,,,0.0,0.0,0.0,0.0,
1772543316,Player 1,,,,,0.0,0.0,0.0,0.0,
1772543317,Player 1,,,,,0.0,0.0,0.0,0.0,
1772543318,Player 1,,,,,0.0,0.0,0.0,0.0,
1772543319,Player 1,,,,,0.0,0.0,0.0,0.0,
1772543320,Player 1,,,,,0.0,0.0,0.0,0.0,
1772543321,Player 1,,,,,0.0,0.0,0.0,0.0,
1772543322,Player 1,,,,,0.0,0.0,0.0,0.0,
1772543323,Player 1,,,,,0.0,0.0,0.0,0.0,
1772543324,Player 1,,,,,0.0,0.0,0.0,0.0,
1772543325,Player 1,,,,,0.0,0.0,0.0,0.0,
1772543326,Player 1,,,,,0.0,0.0,0.0,0.0,
1772543327,Player 1,,,,,0.0,0.0,0.0,0.0,
1772543328,Player 1,,,,,0.0,0.0,0.0,0.0,
1772543329,Player 1,,,,,0.0,0.0,0.0,0.0,
1772543330,Player 1,,,,,0.0,0.0,0.0,0.0,
1772543331,Player 1,,,,,0.0,0.0,0.0,0.0,
1772543332,Player 1,,,,,0.0,0.0,0.0,0.0,
1772543333,Player 1,,,,,0.0,0.0,0.0,0.0,
1772543334,Player 1,,,,,0.0,0.0,0.0,0.0,
1772543335,Player 1,,,,,0.0,0.0,0.0,0.0,
1772543336,Player 1,,,,,0.0,0.0,0.0,0.0,
1772543337,Player 1,,,,,0.0,0.0,0.0,0.0,
1772543338,Player 1,,,,,0.0,0.0,0.0,0.0,
1772543339,Player 1,,,,,0.0,0.0,0.0,0.0,
1772543340,Player 1,,,,,0.0,0.0,0.0,0.0,
1772543341,Player 1,,,,,0.0,0.0,0.0,0.0,
1772543342,Player 1,,,,,0.0,0.0,0.0,0.0,
1772543343,Player 1,,,,,0.0,0.0,0.0,0.0,
1772543344,Player 1,,,,,0.0,0.0,0.0,0.0,
1772543345,Player 1,,,,,0.0,0.0,0.0,0.0,
1772543346,Player 1,,,,,0.0,0.0,0.0,0.0,
1772543347,Player 1,,,,,0.0,0.0,0.0,0.0,
1772543348,Player 1,,,,,0.0,0.0,0.0,0.0,
1772543349,Player 1,,,,,0.0,0.0,0.0,0.0,
1772543350,Player 1,,,,,0.0,0.0,0.0,0.0,
1772543351,Player 1,,,,,0.0,0.0,0.0,0.0,
1772543352,Player 1,,,,,0.0,0.0,0.0,0.0,
1772543353,Player 1,,,,,0.0,0.0,0.0,0.0,
1772543354,Player 1,,,,,0.0,0.0,0.0,0.0,
1772543355,Player 1,,,,,0.0,0.0,0.0,0.0,
1772543356,Player 1,,,,,0.0,0.0,0.0,0.0,
1772543357,Player 1,,,,,0.0,0.0,0.0,0.0,
1772543358,Player 1,,,,,0.0,0.0,0.0,0.0,
1772543359,Player 1,,,,,0.0,0.0,0.0,0.0,
1772543360,Player 1,,,,,0.0,0.0,0.0,0.0,
1772543361,Player 1,,,,,0.0,0.0,0.0,0.0,
1772543362,Player 1,,,,,0.0,0.0,0.0,0.0,
1772543363,Player 1,,,,,0.0,0.0,0.0,0.0,
1772543364,Player 1,,,,,0.0,0.0,0.0,0.0,
1772543365,Player 1,,,,,0.0,0.0,0.0,0.0,
1772543366,Player 1,,,,,0.0,0.0,0.0,0.0,
1772543367,Player 1,,,,,0.0,0.0,0.0,0.0,
1772543368,Player 1,,,,,0.0,0.0,0.0,0.0,
1772543369,Player 1,,,,,0.0,0.0,0.0,0.0,
1772543370,Player 1,,,,,0.0,0.0,0.0,0.0,
1772543371,Player 1,,,,,0.0,0.0,0.0,0.0,
1772543372,Player 1,,,,,0.0,0.0,0.0,0.0,
1772543373,Player 1,,,,,0.0,0.0,0.0,0.0,
1772543374,Player 1,,,,,0.0,0.0,0.0,0.0,
1772543375,Player 1,,,,,0.0,0.0,0.0,0.0,
1772543376,Player 1,,,,,0.0,0.0,0.0,0.0,
1772543377,Player 1,,,,,0.0,0.0,0.0,0.0,
1772543378,Player 1,,,,,0.0,0.0,0.0,0.0,
1772543379,Player 1,,,,,0.0,0.0,0.0,0.0,
1772543380,Player 1,,,,,0.0,0.0,0.0,0.0,
1772543381,Player 1,,,,,0.0,0.0,0.0,0.0,
1772543382,Player 1,,,,,0.0,0.0,0.0,0.0,
1772543383,Player 1,,,,,0.0,0.0,0.0,0.0,
1772543384,Player 1,,,,,0.0,0.0,0.0,0.0,
1772543385,Player 1,,,,,0.0,0.0,0.0,0.0,
1772543386,Player 1,,,,,0.0,0.0,0.0,0.0,
1772543387,Player 1,,,,,0.0,0.0,0.0,0.0,
1772543388,Player 1,,,,,0.0,0.0,0.0,0.0,
1772543389,Player 1,,,,,0.0,0.0,0.0,0.0,
1772543390,Player 1,,,,,0.0,0.0,0.0,0.0,
1772543391,Player 1,,,,,0.0,0.0,0.0,0.0,
1772543392,Player 1,,,,,0.0,0.0,0.0,0.0,
1772543393,Player 1,,,,,0.0,0.0,0.0,0.0,
1772543394,Player 1,,,,,0.0,0.0,0.0,0.0,
1772543395,Player 1,,,,,0.0,0.0,0.0,0.0,
1772543396,Player 1,,,,,0.0,0.0,0.0,0.0,
1772543397,Player 1,,,,,0.0,0.0,0.0,0.0,
1772543398,Player 1,,,,,0.0,0.0,0.0,0.0,
1772543399,Player 1,,,,,0.0,0.0,0.0,0.0,
1772543400,Player 1,,,,,0.0,0.0,0.0,0.0,
1772543401,Player 1,,,,,0.0,0.0,0.0,0.0,
1772543402,Player 1,,,,,0.0,0.0,0.0,0.0,
1772543403,Player 1,,,,,0.0,0.0,0.0,0.0,
1772543404,Player 1,,,,,0.0,0.0,0.0,0.0,
1772543405,Player 1,,,,,0.0,0.0,0.0,0.0,
1772543406,Player 1,,,,,0.0,0.0,0.0,0.0,
1772543407,Player 1,,,,,0.0,0.0,0.0,0.0,
1772543408,Player 1,,,,,0.0,0.0,0.0,0.0,
1772543409,Player 1,,,,,0.0,0.0,0.0,0.0,
1772543410,Player 1,,,,,0.0,0.0,0.0,0.0,
1772543411,Player 1,,,,,0.0,0.0,0.0,0.0,
1772543412,Player 1,,,,,0.0,0.0,0.0,0.0,
1772543413,Player 1,,,,,0.0,0.0,0.0,0.0,
1772543414,Player 1,,,,,0.0,0.0,0.0,0.0,
1772543415,Player 1,,,,,0.0,0.0,0.0,0.0,
1772543416,Player 1,,,,,0.0,0.0,0.0,0.0,
1772543417,Player 1,,,,,0.0,0.0,0.0,0.0,
1772543418,Player 1,,,,,0.0,0.0,0.0,0.0,
1772543419,Player 1,,,,,0.0,0.0,0.0,0.0,
1772543420,Player 1,,,,,0.0,0.0,0.0,0.0,
1772543421,Player 1,,,,,0.0,0.0,0.0,0.0,
1772543422,Player 1,,,,,0.0,0.0,0.0,0.0,
1772543423,Player 1,,,,,0.0,0.0,0.0,0.0,
1772543424,Player 1,,,,,0.0,0.0,0.0,0.0,
1772543425,Player 1,,,,,0.0,0.0,0.0,0.0,
1772543426,Player 1,,,,,0.0,0.0,0.0,0.0,
1772543427,Player 1,,,,,0.0,0.0,0.0,0.0,
1772543428,Player 1,,,,,0.0,0.0,0.0,0.0,
1772543429,Player 1,,,,,0.0,0.0,0.0,0.0,
1772543430,Player 1,,,,,0.0,0.0,0.0,0.0,
1772543431,Player 1,,,,,0.0,0.0,0.0,0.0,
1772543432,Player 1,,,,,0.0,0.0,0.0,0.0,
1772543433,Player 1,,,,,0.0,0.0,0.0,0.0,
1772543434,Player 1,,,,,0.0,0.0,0.0,0.0,
1772543435,Player 1,,,,,0.0,0.0,0.0,0.0,
1772543436,Player 1,,,,,0.0,0.0,0.0,0.0,
1772543437,Player 1,,,,,0.0,0.0,0.0,0.0,
1772543438,Player 1,,,,,0.0,0.0,0.0,0.0,
1772543439,Player 1,,,,,0.0,0.0,0.0,0.0,
1772543440,Player 1,,,,,0.0,0.0,0.0,0.0,
1772543441,Player 1,,,,,0.0,0.0,0.0,0.0,
1772543442,Player 1,,,,,0.0,0.0,0.0,0.0,
1772543443,Player 1,,,,,0.0,0.0,0.0,0.0,
1772543444,Player 1,,,,,0.0,0.0,0.0,0.0,
1772543445,Player 1,,,,,0.0,0.0,0.0,0.0,
1772543446,Player 1,,,,,0.0,0.0,0.0,0.0,
1772543447,Player 1,,,,,0.0,0.0,0.0,0.0,
1772543448,Player 1,,,,,0.0,0.0,0.0,0.0,
1772543449,Player 1,,,,,0.0,0.0,0.0,0.0,
1772543450,Player 1,,,,,0.0,0.0,0.0,0.0,
1772543451,Player 1,,,,,0.0,0.0,0.0,0.0,
1772543452,Player 1,,,,,0.0,0.0,0.0,0.0,
1772543453,Player 1,,,,,0.0,0.0,0.0,0.0,
1772543454,Player 1,,,,,0.0,0.0,0.0,0.0,
1772543455,Player 1,,,,,0.0,0.0,0.0,0.0,
1772543456,Player 1,,,,,0.0,0.0,0.0,0.0,
1772543457,Player 1,,,,,0.0,0.0,0.0,0.0,
1772543458,Player 1,,,,,0.0,0.0,0.0,0.0,
1772543459,Player 1,,,,,0.0,0.0,0.0,0.0,
1772543460,Player 1,,,,,0.0,0.0,0.0,0.0,
1772543461,Player 1,,,,,0.0,0.0,0.0,0.0,
1772543462,Player 1,,,,,0.0,0.0,0.0,0.0,
1772543463,Player 1,,,,,0.0,0.0,0.0,0.0,
1772543464,Player 1,,,,,0.0,0.0,0.0,0.0,
1772543465,Player 1,,,,,0.0,0.0,0.0,0.0,
1772543466,Player 1,,,,,0.0,0.0,0.0,0.0,
1772543467,Player 1,,,,,0.0,0.0,0.0,0.0,
1772543468,Player 1,,,,,0.0,0.0,0.0,0.0,
1772543469,Player 1,,,,,0.0,0.0,0.0,0.0,
1772543470,Player 1,,,,,0.0,0.0,0.0,0.0,
1772543471,Player 1,,,,,0.0,0.0,0.0,0.0,
1772543472,Player 1,,,,,0.0,0.0,0.0,0.0,
1772543473,Player 1,,,,,0.0,0.0,0.0,0.0,
1772543474,Player 1,,,,,0.0,0.0,0.0,0.0,
1772543475,Player 1,,,,,0.0,0.0,0.0,0.0,
1772543476,Player 1,,,,,0.0,0.0,0.0,0.0,
1772543477,Player 1,,,,,0.0,0.0,0.0,0.0,
1772543478,Player 1,,,,,0.0,0.0,0.0,0.0,
1772543479,Player 1,,,,,0.0,0.0,0.0,0.0,
1772543480,Player 1,,,,,0.0,0.0,0.0,0.0,
1772543481,Player 1,,,,,0.0,0.0,0.0,0.0,
1772543482,Player 1,,,,,0.0,0.0,0.0,0.0,
1772543483,Player 1,,,,,0.0,0.0,0.0,0.0,
1772543484,Player 1,,,,,0.0,0.0,0.0,0.0,
1772543485,Player 1,,,,,0.0,0.0,0.0,0.0,
1772543486,Player 1,,,,,0.0,0.0,0.0,0.0,
1772543487,Player 1,,,,,0.0,0.0,0.0,0.0,
1772543488,Player 1,,,,,0.0,0.0,0.0,0.0,
1772543489,Player 1,,,,,0.0,0.0,0.0,0.0,
1772543490,Player 1,,,,,0.0,0.0,0.0,0.0,
1772543491,Player 1,,,,,0.0,0.0,0.0,0.0,
1772543492,Player 1,,,,,0.0,0.0,0.0,0.0,
1772543493,Player 1,,,,,0.0,0.0,0.0,0.0,
1772543494,Player 1,,,,,0.0,0.0,0.0,0.0,
1772543495,Player 1,,,,,0.0,0.0,0.0,0.0,
1772543496,Player 1,,,,,0.0,0.0,0.0,0.0,
1772543497,Player 1,,,,,0.0,0.0,0.0,0.0,
1772543498,Player 1,,,,,0.0,0.0,0.0,0.0,
1772543499,Player 1,,,,,0.0,0.0,0.0,0.0,
1772543500,Player 1,,,,,0.0,0.0,0.0,0.0,
1772543501,Player 1,,,,,0.0,0.0,0.0,0.0,
1772543502,Player 1,,,,,0.0,0.0,0.0,0.0,
1772543503,Player 1,,,,,0.0,0.0,0.0,0.0,
1772543504,Player 1,,,,,0.0,0.0,0.0,0.0,
1772543505,Player 1,,,,,0.0,0.0,0.0,0.0,
1772543506,Player 1,,,,,0.0,0.0,0.0,0.0,
1772543507,Player 1,,,,,0.0,0.0,0.0,0.0,
1772543508,Player 1,,,,,0.0,0.0,0.0,0.0,
1772543509,Player 1,,,,,0.0,0.0,0.0,0.0,
1772543510,Player 1,,,,,0.0,0.0,0.0,0.0,
1772543511,Player 1,,,,,0.0,0.0,0.0,0.0,
1772543512,Player 1,,,,,0.0,0.0,0.0,0.0,
1772543513,Player 1,,,,,0.0,0.0,0.0,0.0,
1772543514,Player 1,,,,,0.0,0.0,0.0,0.0,
1772543515,Player 1,,,,,0.0,0.0,0.0,0.0,
1772543516,Player 1,,,,,0.0,0.0,0.0,0.0,
1772543517,Player 1,,,,,0.0,0.0,0.0,0.0,
1772543518,Player 1,,,,,0.0,0.0,0.0,0.0,
1772543519,Player 1,,,,,0.0,0.0,0.0,0.0,
1772543520,Player 1,,,,,0.0,0.0,0.0,0.0,
1772543521,Player 1,,,,,0.0,0.0,0.0,0.0,
1772543522,Player 1,,,,,0.0,0.0,0.0,0.0,
1772543523,Player 1,,,,,0.0,0.0,0.0,0.0,
1772543524,Player 1,,,,,0.0,0.0,0.0,0.0,
1772543525,Player 1,,,,,0.0,0.0,0.0,0.0,
1772543526,Player 1,,,,,0.0,0.0,0.0,0.0,
1772543527,Player 1,,,,,0.0,0.0,0.0,0.0,
1772543528,Player 1,,,,,0.0,0.0,0.0,0.0,
1772543529,Player 1,,,,,0.0,0.0,0.0,0.0,
1772543530,Player 1,,,,,0.0,0.0,0.0,0.0,
1772543531,Player 1,,,,,0.0,0.0,0.0,0.0,
1772543532,Player 1,,,,,0.0,0.0,0.0,0.0,
1772543533,Player 1,,,,,0.0,0.0,0.0,0.0,
1772543534,Player 1,,,,,0.0,0.0,0.0,0.0,
1772543535,Player 1,,,,,0.0,0.0,0.0,0.0,
1772543536,Player 1,,,,,0.0,0.0,0.0,0.0,
1772543537,Player 1,,,,,0.0,0.0,0.0,0.0,
1772543538,Player 1,,,,,0.0,0.0,0.0,0.0,
1772543539,Player 1,,,,,0.0,0.0,0.0,0.0,
1772543540,Player 1,,,,,0.0,0.0,0.0,0.0,
1772543541,Player 1,,,,,0.0,0.0,0.0,0.0,
1772543542,Player 1,,,,,0.0,0.0,0.0,0.0,
1772543543,Player 1,,,,,0.0,0.0,0.0,0.0,
1772543544,Player 1,,,,,0.0,0.0,0.0,0.0,
1772543545,Player 1,,,,,0.0,0.0,0.0,0.0,
1772543546,Player 1,,,,,0.0,0.0,0.0,0.0,
1772543547,Player 1,,,,,0.0,0.0,0.0,0.0,
1772543548,Player 1,,,,,0.0,0.0,0.0,0.0,
1772543549,Player 1,,,,,0.0,0.0,0.0,0.0,
1772543550,Player 1,,,,,0.0,0.0,0.0,0.0,
1772543551,Player 1,,,,,0.0,0.0,0.0,0.0,
1772543552,Player 1,,,,,0.0,0.0,0.0,0.0,
1772543553,Player 1,,,,,0.0,0.0,0.0,0.0,
1772543554,Player 1,,,,,0.0,0.0,0.0,0.0,
1772543555,Player 1,,,,,0.0,0.0,0.0,0.0,
1772543556,Player 1,,,,,0.0,0.0,0.0,0.0,
1772543557,Player 1,,,,,0.0,0.0,0.0,0.0,
1772543558,Player 1,,,,,0.0,0.0,0.0,0.0,
1772543559,Player 1,,,,,0.0,0.0,0.0,0.0,
1772543560,Player 1,,,,,0.0,0.0,0.0,0.0,
1772543561,Player 1,,,,,0.0,0.0,0.0,0.0,
1772543562,Player 1,,,,,0.0,0.0,0.0,0.0,
1772543563,Player 1,,,,,0.0,0.0,0.0,0.0,
1772543564,Player 1,,,,,0.0,0.0,0.0,0.0,
1772543565,Player 1,,,,,0.0,0.0,0.0,0.0,
1772543566,Player 1,,,,,0.0,0.0,0.0,0.0,
1772543567,Player 1,,,,,0.0,0.0,0.0,0.0,
1772543568,Player 1,,,,,0.0,0.0,0.0,0.0,
1772543569,Player 1,,,,,0.0,0.0,0.0,0.0,
1772543570,Player 1,,,,,0.0,0.0,0.0,0.0,
1772543571,Player 1,,,,,0.0,0.0,0.0,0.0,
1772543572,Player 1,,,,,0.0,0.0,0.0,0.0,
1772543573,Player 1,,,,,0.0,0.0,0.0,0.0,
1772543574,Player 1,,,,,0.0,0.0,0.0,0.0,
1772543575,Player 1,,,,,0.0,0.0,0.0,0.0,
1772543576,Player 1,,,,,0.0,0.0,0.0,0.0,
1772543577,Player 1,,,,,0.0,0.0,0.0,0.0,
1772543578,Player 1,,,,,0.0,0.0,0.0,0.0,
1772543579,Player 1,,,,,0.0,0.0,0.0,0.0,
1772543580,Player 1,,,,,0.0,0.0,0.0,0.0,
1772543581,Player 1,,,,,0.0,0.0,0.0,0.0,
1772543582,Player 1,,,,,0.0,0.0,0.0,0.0,
1772543583,Player 1,,,,,0.0,0.0,0.0,0.0,
1772543584,Player 1,,,,,0.0,0.0,0.0,0.0,
1772543585,Player 1,,,,,0.0,0.0,0.0,0.0,
1772543586,Player 1,,,,,0.0,0.0,0.0,0.0,
1772543587,Player 1,,,,,0.0,0.0,0.0,0.0,
1772543588,Player 1,,,,,0.0,0.0,0.0,0.0,
1772543589,Player 1,,,,,0.0,0.0,0.0,0.0,
1772543590,Player 1,,,,,0.0,0.0,0.0,0.0,
1772543591,Player 1,,,,,0.0,0.0,0.0,0.0,
1772543592,Player 1,,,,,0.0,0.0,0.0,0.0,
1772543593,Player 1,,,,,0.0,0.0,0.0,0.0,
1772543594,Player 1,,,,,0.0,0.0,0.0,0.0,
1772543595,Player 1,,,,,0.0,0.0,0.0,0.0,
1772543596,Player 1,,,,,0.0,0.0,0.0,0.0,
1772543597,Player 1,,,,,0.0,0.0,0.0,0.0,
1772543598,Player 1,,,,,0.0,0.0,0.0,0.0,
1772543599,Player 1,,,,,0.0,0.0,0.0,0.0,
1772543600,Player 1,,,,,0.0,0.0,0.0,0.0,
1772543601,Player 1,,,,,0.0,0.0,0.0,0.0,
1772543602,Player 1,,,,,0.0,0.0,0.0,0.0,
1772543603,Player 1,,,,,0.0,0.0,0.0,0.0,
1772543604,Player 1,,,,,0.0,0.0,0.0,0.0,
1772543605,Player 1,,,,,0.0,0.0,0.0,0.0,
1772543606,Player 1,,,,,0.0,0.0,0.0,0.0,
1772543607,Player 1,,,,,0.0,0.0,0.0,0.0,
1772543608,Player 1,,,,,0.0,0.0,0.0,0.0,
1772543609,Player 1,,,,,0.0,0.0,0.0,0.0,
1772543610,Player 1,,,,,0.0,0.0,0.0,0.0,
1772543611,Player 1,,,,,0.0,0.0,0.0,0.0,
1772543612,Player 1,,,,,0.0,0.0,0.0,0.0,
1772543613,Player 1,,,,,0.0,0.0,0.0,0.0,
1772543614,Player 1,,,,,0.0,0.0,0.0,0.0,
1772543615,Player 1,,,,,0.0,0.0,0.0,0.0,
1772543616,Player 1,,,,,0.0,0.0,0.0,0.0,
1772543617,Player 1,,,,,0.0,0.0,0.0,0.0,
1772543618,Player 1,,,,,0.0,0.0,0.0,0.0,
1772543619,Player 1,,,,,0.0,0.0,0.0,0.0,
1772543620,Player 1,,,,,0.0,0.0,0.0,0.0,
1772543621,Player 1,,,,,0.0,0.0,0.0,0.0,
1772543622,Player 1,,,,,0.0,0.0,0.0,0.0,
1772543623,Player 1,,,,,0.0,0.0,0.0,0.0,
1772543624,Player 1,,,,,0.0,0.0,0.0,0.0,
1772543625,Player 1,,,,,0.0,0.0,0.0,0.0,
1772543626,Player 1,,,,,0.0,0.0,0.0,0.0,
1772543627,Player 1,,,,,0.0,0.0,0.0,0.0,
1772543628,Player 1,,,,,0.0,0.0,0.0,0.0,
1772543629,Player 1,,,,,0.0,0.0,0.0,0.0,
1772543630,Player 1,,,,,0.0,0.0,0.0,0.0,
1772543631,Player 1,,,,,0.0,0.0,0.0,0.0,
1772543632,Player 1,,,,,0.0,0.0,0.0,0.0,
1772543633,Player 1,,,,,0.0,0.0,0.0,0.0,
1772543634,Player 1,,,,,0.0,0.0,0.0,0.0,
1772543635,Player 1,,,,,0.0,0.0,0.0,0.0,
1772543636,Player 1,,,,,0.0,0.0,0.0,0.0,
1772543637,Player 1,,,,,0.0,0.0,0.0,0.0,
1772543638,Player 1,,,,,0.0,0.0,0.0,0.0,
1772543639,Player 1,,,,,0.0,0.0,0.0,0.0,
1772543640,Player 1,,,,,0.0,0.0,0.0,0.0,
1772543641,Player 1,,,,,0.0,0.0,0.0,0.0,
1772543642,Player 1,,,,,0.0,0.0,0.0,0.0,
1772543643,Player 1,,,,,0.0,0.0,0.0,0.0,
1772543644,Player 1,,,,,0.0,0.0,0.0,0.0,
1772543645,Player 1,,,,,0.0,0.0,0.0,0.0,
1772543646,Player 1,,,,,0.0,0.0,0.0,0.0,
1772543647,Player 1,,,,,0.0,0.0,0.0,0.0,
1772543648,Player 1,,,,,0.0,0.0,0.0,0.0,
1772543649,Player 1,,,,,0.0,0.0,0.0,0.0,
1772543650,Player 1,,,,,0.0,0.0,0.0,0.0,
1772543651,Player 1,,,,,0.0,0.0,0.0,0.0,
1772543652,Player 1,,,,,0.0,0.0,0.0,0.0,
1772543653,Player 1,,,,,0.0,0.0,0.0,0.0,
1772543654,Player 1,,,,,0.0,0.0,0.0,0.0,
1772543655,Player 1,,,,,0.0,0.0,0.0,0.0,
1772543656,Player 1,,,,,0.0,0.0,0.0,0.0,
1772543657,Player 1,,,,,0.0,0.0,0.0,0.0,
1772543658,Player 1,,,,,0.0,0.0,0.0,0.0,
1772543659,Player 1,,,,,0.0,0.0,0.0,0.0,
1772543660,Player 1,,,,,0.0,0.0,0.0,0.0,
1772543661,Player 1,,,,,0.0,0.0,0.0,0.0,
1772543662,Player 1,,,,,0.0,0.0,0.0,0.0,
1772543663,Player 1,,,,,0.0,0.0,0.0,0.0,
1772543664,Player 1,,,,,0.0,0.0,0.0,0.0,
1772543665,Player 1,,,,,0.0,0.0,0.0,0.0,
1772543666,Player 1,,,,,0.0,0.0,0.0,0.0,
1772543667,Player 1,,,,,0.0,0.0,0.0,0.0,
1772543668,Player 1,,,,,0.0,0.0,0.0,0.0,
1772543669,Player 1,,,,,0.0,0.0,0.0,0.0,
1772543670,Player 1,,,,,0.0,0.0,0.0,0.0,
1772543671,Player 1,,,,,0.0,0.0,0.0,0.0,
1772543672,Player 1,,,,,0.0,0.0,0.0,0.0,
1772543673,Player 1,,,,,0.0,0.0,0.0,0.0,
1772543674,Player 1,,,,,0.0,0.0,0.0,0.0,
1772543675,Player 1,,,,,0.0,0.0,0.0,0.0,
1772543676,Player 1,,,,,0.0,0.0,0.0,0.0,
1772543677,Player 1,,,,,0.0,0.0,0.0,0.0,
1772543678,Player 1,,,,,0.0,0.0,0.0,0.0,
1772543679,Player 1,,,,,0.0,0.0,0.0,0.0,
1772543680,Player 1,,,,,0.0,0.0,0.0,0.0,
1772543681,Player 1,,,,,0.0,0.0,0.0,0.0,
1772543682,Player 1,,,,,0.0,0.0,0.0,0.0,
1772543683,Player 1,,,,,0.0,0.0,0.0,0.0,
1772543684,Player 1,,,,,0.0,0.0,0.0,0.0,
1772543685,Player 1,,,,,0.0,0.0,0.0,0.0,
1772543686,Player 1,,,,,0.0,0.0,0.0,0.0,
1772543687,Player 1,,,,,0.0,0.0,0.0,0.0,
1772543688,Player 1,,,,,0.0,0.0,0.0,0.0,
1772543689,Player 1,,,,,0.0,0.0,0.0,0.0,
1772543690,Player 1,,,,,0.0,0.0,0.0,0.0,
1772543691,Player 1,,,,,0.0,0.0,0.0,0.0,
1772543692,Player 1,,,,,0.0,0.0,0.0,0.0,
1772543693,Player 1,,,,,0.0,0.0,0.0,0.0,
1772543694,Player 1,,,,,0.0,0.0,0.0,0.0,
1772543695,Player 1,,,,,0.0,0.0,0.0,0.0,
1772543696,Player 1,,,,,0.0,0.0,0.0,0.0,
1772543697,Player 1,,,,,0.0,0.0,0.0,0.0,
1772543698,Player 1,,,,,0.0,0.0,0.0,0.0,
1772543699,Player 1,,,,,0.0,0.0,0.0,0.0,
1772543700,Player 1,,,,,0.0,0.0,0.0,0.0,
1772543701,Player 1,,,,,0.0,0.0,0.0,0.0,
1772543702,Player 1,,,,,0.0,0.0,0.0,0.0,
1772543703,Player 1,,,,,0.0,0.0,0.0,0.0,
1772543704,Player 1,,,,,0.0,0.0,0.0,0.0,
1772543705,Player 1,,,,,0.0,0.0,0.0,0.0,
1772543706,Player 1,,,,,0.0,0.0,0.0,0.0,
1772543707,Player 1,,,,,0.0,0.0,0.0,0.0,
1772543708,Player 1,,,,,0.0,0.0,0.0,0.0,
1772543709,Player 1,,,,,0.0,0.0,0.0,0.0,
1772543710,Player 1,,,,,0.0,0.0,0.0,0.0,
1772543711,Player 1,,,,,0.0,0.0,0.0,0.0,
1772543712,Player 1,,,,,0.0,0.0,0.0,0.0,
1772543713,Player 1,,,,,0.0,0.0,0.0,0.0,
1772543714,Player 1,,,,,0.0,0.0,0.0,0.0,
1772543715,Player 1,,,,,0.0,0.0,0.0,0.0,
1772543716,Player 1,,,,,0.0,0.0,0.0,0.0,
1772543717,Player 1,,,,,0.0,0.0,0.0,0.0,
1772543718,Player 1,,,,,0.0,0.0,0.0,0.0,
1772543719,Player 1,,,,,0.0,0.0,0.0,0.0,
1772543720,Player 1,,,,,0.0,0.0,0.0,0.0,
1772543721,Player 1,,,,,0.0,0.0,0.0,0.0,
1772543722,Player 1,,,,,0.0,0.0,0.0,0.0,
1772543723,Player 1,,,,,0.0,0.0,0.0,0.0,
1772543724,Player 1,,,,,0.0,0.0,0.0,0.0,
1772543725,Player 1,,,,,0.0,0.0,0.0,0.0,
1772543726,Player 1,,,,,0.0,0.0,0.0,0.0,
1772543727,Player 1,,,,,0.0,0.0,0.0,0.0,
1772543728,Player 1,,,,,0.0,0.0,0.0,0.0,
1772543729,Player 1,,,,,0.0,0.0,0.0,0.0,
1772543730,Player 1,,,,,0.0,0.0,0.0,0.0,
1772543731,Player 1,,,,,0.0,0.0,0.0,0.0,
1772543732,Player 1,,,,,0.0,0.0,0.0,0.0,
1772543733,Player 1,,,,,0.0,0.0,0.0,0.0,
1772543734,Player 1,,,,,0.0,0.0,0.0,0.0,
1772543735,Player 1,,,,,0.0,0.0,0.0,0.0,
1772543736,Player 1,,,,,0.0,0.0,0.0,0.0,
1772543737,Player 1,,,,,0.0,0.0,0.0,0.0,
1772543738,Player 1,,,,,0.0,0.0,0.0,0.0,
1772543739,Player 1,,,,,0.0,0.0,0.0,0.0,
1772543740,Player 1,,,,,0.0,0.0,0.0,0.0,
1772543741,Player 1,,,,,0.0,0.0,0.0,0.0,
1772543742,Player 1,,,,,0.0,0.0,0.0,0.0,
1772543743,Player 1,,,,,0.0,0.0,0.0,0.0,
1772543744,Player 1,,,,,0.0,0.0,0.0,0.0,
1772543745,Player 1,,,,,0.0,0.0,0.0,0.0,
1772543746,Player 1,,,,,0.0,0.0,0.0,0.0,
1772543747,Player 1,,,,,0.0,0.0,0.0,0.0,
1772543748,Player 1,,,,,0.0,0.0,0.0,0.0,
1772543749,Player 1,,,,,0.0,0.0,0.0,0.0,
1772543750,Player 1,,,,,0.0,0.0,0.0,0.0,
1772543751,Player 1,,,,,0.0,0.0,0.0,0.0,
1772543752,Player 1,,,,,0.0,0.0,0.0,0.0,
1772543753,Player 1,,,,,0.0,0.0,0.0,0.0,
1772543754,Player 1,,,,,0.0,0.0,0.0,0.0,
1772543755,Player 1,,,,,0.0,0.0,0.0,0.0,
1772543756,Player 1,,,,,0.0,0.0,0.0,0.0,
1772543757,Player 1,,,,,0.0,0.0,0.0,0.0,
1772543758,Player 1,,,,,0.0,0.0,0.0,0.0,
1772543759,Player 1,,,,,0.0,0.0,0.0,0.0,
1772543760,Player 1,,,,,0.0,0.0,0.0,0.0,
1772543761,Player 1,,,,,0.0,0.0,0.0,0.0,
1772543762,Player 1,,,,,0.0,0.0,0.0,0.0,
1772543763,Player 1,,,,,0.0,0.0,0.0,0.0,
1772543764,Player 1,,,,,0.0,0.0,0.0,0.0,
1772543765,Player 1,,,,,0.0,0.0,0.0,0.0,
1772543766,Player 1,,,,,0.0,0.0,0.0,0.0,
1772543767,Player 1,,,,,0.0,0.0,0.0,0.0,
1772543768,Player 1,,,,,0.0,0.0,0.0,0.0,
1772543769,Player 1,,,,,0.0,0.0,0.0,0.0,
1772543770,Player 1,,,,,0.0,0.0,0.0,0.0,
1772543771,Player 1,,,,,0.0,0.0,0.0,0.0,
1772543772,Player 1,,,,,0.0,0.0,0.0,0.0,
1772543773,Player 1,,,,,0.0,0.0,0.0,0.0,
1772543774,Player 1,,,,,0.0,0.0,0.0,0.0,
1772543775,Player 1,,,,,0.0,0.0,0.0,0.0,
1772543776,Player 1,,,,,0.0,0.0,0.0,0.0,
1772543777,Player 1,,,,,0.0,0.0,0.0,0.0,
1772543778,Player 1,,,,,0.0,0.0,0.0,0.0,
1772543779,Player 1,,,,,0.0,0.0,0.0,0.0,
1772543780,Player 1,,,,,0.0,0.0,0.0,0.0,
1772543781,Player 1,,,,,0.0,0.0,0.0,0.0,
1772543782,Player 1,,,,,0.0,0.0,0.0,0.0,
1772543783,Player 1,,,,,0.0,0.0,0.0,0.0,
1772543784,Player 1,,,,,0.0,0.0,0.0,0.0,
1772543785,Player 1,,,,,0.0,0.0,0.0,0.0,
1772543786,Player 1,,,,,0.0,0.0,0.0,0.0,
1772543787,Player 1,,,,,0.0,0.0,0.0,0.0,
1772543788,Player 1,,,,,0.0,0.0,0.0,0.0,
1772543789,Player 1,,,,,0.0,0.0,0.0,0.0,
1772543790,Player 1,,,,,0.0,0.0,0.0,0.0,
1772543791,Player 1,,,,,0.0,0.0,0.0,0.0,
1772543792,Player 1,,,,,0.0,0.0,0.0,0.0,
1772543793,Player 1,,,,,0.0,0.0,0.0,0.0,
1772543794,Player 1,,,,,0.0,0.0,0.0,0.0,
1772543795,Player 1,,,,,0.0,0.0,0.0,0.0,
1772543796,Player 1,,,,,0.0,0.0,0.0,0.0,
1772543797,Player 1,,,,,0.0,0.0,0.0,0.0,
1772543798,Player 1,,,,,0.0,0.0,0.0,0.0,
1772543799,Player 1,,,,,0.0,0.0,0.0,0.0,
1772543800,Player 1,,,,,0.0,0.0,0.0,0.0,
1772543801,Player 1,,,,,0.0,0.0,0.0,0.0,
1772543802,Player 1,,,,,0.0,0.0,0.0,0.0,
1772543803,Player 1,,,,,0.0,0.0,0.0,0.0,
1772543804,Player 1,,,,,0.0,0.0,0.0,0.0,
1772543805,Player 1,,,,,0.0,0.0,0.0,0.0,
1772543806,Player 1,,,,,0.0,0.0,0.0,0.0,
1772543807,Player 1,,,,,0.0,0.0,0.0,0.0,
1772543808,Player 1,,,,,0.0,0.0,0.0,0.0,
1772543809,Player 1,,,,,0.0,0.0,0.0,0.0,
1772543810,Player 1,,,,,0.0,0.0,0.0,0.0,
1772543811,Player 1,,,,,0.0,0.0,0.0,0.0,
1772543812,Player 1,,,,,0.0,0.0,0.0,0.0,
1772543813,Player 1,,,,,0.0,0.0,0.0,0.0,
1772543814,Player 1,,,,,0.0,0.0,0.0,0.0,
1772543815,Player 1,,,,,0.0,0.0,0.0,0.0,
1772543816,Player 1,,,,,0.0,0.0,0.0,0.0,
1772543817,Player 1,,,,,0.0,0.0,0.0,0.0,
1772543818,Player 1,,,,,0.0,0.0,0.0,0.0,
1772543819,Player 1,,,,,0.0,0.0,0.0,0.0,
1772543820,Player 1,,,,,0.0,0.0,0.0,0.0,
1772543821,Player 1,,,,,0.0,0.0,0.0,0.0,
1772543822,Player 1,,,,,0.0,0.0,0.0,0.0,
1772543823,Player 1,,,,,0.0,0.0,0.0,0.0,
1772543824,Player 1,,,,,0.0,0.0,0.0,0.0,
1772543825,Player 1,,,,,0.0,0.0,0.0,0.0,
1772543826,Player 1,,,,,0.0,0.0,0.0,0.0,
1772543827,Player 1,,,,,0.0,0.0,0.0,0.0,
1772543828,Player 1,,,,,0.0,0.0,0.0,0.0,
1772543829,Player 1,,,,,0.0,0.0,0.0,0.0,
1772543830,Player 1,,,,,0.0,0.0,0.0,0.0,
1772543831,Player 1,,,,,0.0,0.0,0.0,0.0,
1772543832,Player 1,,,,,0.0,0.0,0.0,0.0,
1772543833,Player 1,,,,,0.0,0.0,0.0,0.0,
1772543834,Player 1,,,,,0.0,0.0,0.0,0.0,
1772543835,Player 1,,,,,0.0,0.0,0.0,0.0,
1772543836,Player 1,,,,,0.0,0.0,0.0,0.0,
1772543837,Player 1,,,,,0.0,0.0,0.0,0.0,
1772543838,Player 1,,,,,0.0,0.0,0.0,0.0,
1772543839,Player 1,,,,,0.0,0.0,0.0,0.0,
1772543840,Player 1,,,,,0.0,0.0,0.0,0.0,
1772543841,Player 1,,,,,0.0,0.0,0.0,0.0,
1772543842,Player 1,,,,,0.0,0.0,0.0,0.0,
1772543843,Player 1,,,,,0.0,0.0,0.0,0.0,
1772543844,Player 1,,,,,0.0,0.0,0.0,0.0,
1772543845,Player 1,,,,,0.0,0.0,0.0,0.0,
1772543846,Player 1,,,,,0.0,0.0,0.0,0.0,
1772543847,Player 1,,,,,0.0,0.0,0.0,0.0,
1772543848,Player 1,,,,,0.0,0.0,0.0,0.0,
1772543849,Player 1,,,,,0.0,0.0,0.0,0.0,
1772543850,Player 1,,,,,0.0,0.0,0.0,0.0,
1772543851,Player 1,,,,,0.0,0.0,0.0,0.0,
1772543852,Player 1,,,,,0.0,0.0,0.0,0.0,
1772543853,Player 1,,,,,0.0,0.0,0.0,0.0,
1772543854,Player 1,,,,,0.0,0.0,0.0,0.0,
1772543855,Player 1,,,,,0.0,0.0,0.0,0.0,
1772543856,Player 1,,,,,0.0,0.0,0.0,0.0,
1772543857,Player 1,,,,,0.0,0.0,0.0,0.0,
1772543858,Player 1,,,,,0.0,0.0,0.0,0.0,
1772543859,Player 1,,,,,0.0,0.0,0.0,0.0,
1772543860,Player 1,,,,,0.0,0.0,0.0,0.0,
1772543861,Player 1,,,,,0.0,0.0,0.0,0.0,
1772543862,Player 1,,,,,0.0,0.0,0.0,0.0,
1772543863,Player 1,,,,,0.0,0.0,0.0,0.0,
1772543864,Player 1,,,,,0.0,0.0,0.0,0.0,
1772543865,Player 1,,,,,0.0,0.0,0.0,0.0,
1772543866,Player 1,,,,,0.0,0.0,0.0,0.0,
1772543867,Player 1,,,,,0.0,0.0,0.0,0.0,
1772543868,Player 1,,,,,0.0,0.0,0.0,0.0,
1772543869,Player 1,,,,,0.0,0.0,0.0,0.0,
1772543870,Player 1,,,,,0.0,0.0,0.0,0.0,
1772543871,Player 1,,,,,0.0,0.0,0.0,0.0,
1772543872,Player 1,,,,,0.0,0.0,0.0,0.0,
1772543873,Player 1,,,,,0.0,0.0,0.0,0.0,
1772543874,Player 1,,,,,0.0,0.0,0.0,0.0,
1772543875,Player 1,,,,,0.0,0.0,0.0,0.0,
1772543876,Player 1,,,,,0.0,0.0,0.0,0.0,
1772543877,Player 1,,,,,0.0,0.0,0.0,0.0,
1772543878,Player 1,,,,,0.0,0.0,0.0,0.0,
1772543879,Player 1,,,,,0.0,0.0,0.0,0.0,
1772543880,Player 1,,,,,0.0,0.0,0.0,0.0,
1772543881,Player 1,,,,,0.0,0.0,0.0,0.0,
1772543882,Player 1,,,,,0.0,0.0,0.0,0.0,
1772543883,Player 1,,,,,0.0,0.0,0.0,0.0,
1772543884,Player 1,,,,,0.0,0.0,0.0,0.0,
1772543885,Player 1,,,,,0.0,0.0,0.0,0.0,
1772543886,Player 1,,,,,0.0,0.0,0.0,0.0,
1772543887,Player 1,,,,,0.0,0.0,0.0,0.0,
1772543888,Player 1,,,,,0.0,0.0,0.0,0.0,
1772543889,Player 1,,,,,0.0,0.0,0.0,0.0,
1772543890,Player 1,,,,,0.0,0.0,0.0,0.0,
